bin,clients,defaults,mean_probability,observed_rate,split
"(0.0006199999999999999, 0.00598]",1500,5,0.004402803418229209,0.0033333333333333335,Validation
"(0.00598, 0.00905]",1500,9,0.007502211007205872,0.006,Validation
"(0.00905, 0.0126]",1500,17,0.010761663267764869,0.011333333333333334,Validation
"(0.0126, 0.017]",1500,22,0.014730234568030715,0.014666666666666666,Validation
"(0.017, 0.0221]",1500,37,0.019431156535117382,0.024666666666666667,Validation
"(0.0221, 0.029]",1500,37,0.025325967565237865,0.024666666666666667,Validation
"(0.029, 0.0388]",1500,61,0.03371748978315793,0.04066666666666666,Validation
"(0.0388, 0.0532]",1500,81,0.04550680163670267,0.054,Validation
"(0.0532, 0.0783]",1500,94,0.06426596277478484,0.06266666666666666,Validation
"(0.0783, 0.476]",1500,167,0.12448767646898494,0.11133333333333334,Validation
"(0.0003799999999999999, 0.00605]",1500,8,0.004475853545386809,0.005333333333333333,Holdout
"(0.00605, 0.00911]",1500,13,0.0075933708949037886,0.008666666666666666,Holdout
"(0.00911, 0.0126]",1500,16,0.010782429972524618,0.010666666666666666,Holdout
"(0.0126, 0.0167]",1500,29,0.014583239333874218,0.019333333333333334,Holdout
"(0.0167, 0.0221]",1500,30,0.019292958057726985,0.02,Holdout
"(0.0221, 0.029]",1500,42,0.025387068991464024,0.028,Holdout
"(0.029, 0.038]",1500,45,0.03314099953144506,0.03,Holdout
"(0.038, 0.052]",1500,72,0.044409126148559824,0.048,Holdout
"(0.052, 0.0787]",1500,93,0.06349299528334479,0.062,Holdout
"(0.0787, 0.502]",1500,153,0.12316412539707981,0.102,Holdout
