feature,gain
enc_paym_6__code_0_share,89078.88778448105
payment_change_share_mean,73476.31598186493
latest__pre_util,43458.38067531586
latest__pre_loans_credit_cost_rate,42153.965557575226
pre_util__code_3_share,36223.209990501404
latest__pre_loans_credit_limit,31423.544049739838
enc_paym_12__code_0_share,31107.025564193726
pre_util__code_6_share,31088.793763160706
enc_loans_credit_type__code_0_share,27040.296720027924
extra__last_5__is_zero_loans530__share,24372.938024520874
latest__pre_pterm,21833.453631401062
enc_loans_credit_type__code_5_share,20377.043190956116
enc_paym_0__code_0_share,20110.197563171387
latest__enc_paym_1,19367.085943698883
pre_util__code_16_share,17013.679076194763
latest__pre_since_opened,14838.411810398102
pre_since_opened__code_12_share,13236.453008174896
latest__enc_loans_credit_type,11381.567587852478
latest__enc_paym_2,11206.698432445526
latest__pre_till_pclose,9952.703293323517
extra__is_zero_loans3060__count_0,9913.258315086365
is_zero_loans530__share,9297.949254512787
pre_loans_credit_limit__code_2_share,9038.270674228668
latest__pre_fterm,8788.45012140274
is_zero_loans3060__share,8636.540152549744
extra__is_zero_loans90__count_0,8398.873944759369
extra__last_5__is_zero_util__share,7623.975535392761
latest__pre_since_confirmed,7391.240129470825
pre_loans_outstanding__code_1_share,7179.0707931518555
enc_loans_credit_status__code_3_share,6959.820234298706
latest__enc_paym_0,6939.338258743286
enc_paym_0__code_1_share,6503.015583515167
latest__enc_paym_3,5886.788728713989
pre_util__code_18_share,5849.957706928253
extra__is_zero_loans6090__count_0,5555.8869552612305
latest__enc_paym_4,5554.67961025238
extra__last_3__is_zero_loans3060__share,5436.209231853485
enc_paym_22__nunique,5383.3053159713745
enc_loans_credit_status__code_5_share,5267.2410707473755
pre_loans_outstanding__code_5_share,5206.174951076508
enc_loans_credit_type__code_2_share,5070.612554550171
pre_since_opened__code_8_share,5055.8537011146545
pre_loans_credit_limit__code_18_share,5012.785758972168
pre_util__code_17_share,4927.051992893219
latest__pre_till_fclose,4864.943551063538
extra__last_5__is_zero_loans3060__share,4515.653655529022
enc_loans_credit_type__code_3_share,4448.515329360962
extra__is_zero_loans3060__count_1,4297.3062081336975
enc_paym_21__nunique,3498.5480995178223
latest__pre_maxover2limit,3497.611291885376
extra__last_5__is_zero_loans6090__share,3480.9376273155212
extra__is_zero_loans530__count_1,3463.137141227722
enc_paym_24__code_4_share,3411.61870098114
pre_util__code_4_share,3366.31556892395
latest__pre_loans_next_pay_summ,3348.3478031158447
is_zero_loans90__share,3251.1735010147095
extra__last_5__is_zero_maxover2limit__share,3230.713638305664
is_zero_loans6090__share,3112.006546974182
extra__last_3__is_zero_util__share,2986.4632902145386
extra__is_zero_loans90__count_1,2948.9715328216553
enc_loans_credit_type__code_4_share,2872.4621391296387
enc_paym_24__code_1_share,2733.916232585907
pre_since_opened__code_13_share,2684.677981853485
pre_since_opened__code_7_share,2662.892855644226
pre_loans_next_pay_summ__code_2_share,2658.7655205726624
pre_loans_credit_limit__code_4_share,2641.2795634269714
pre_loans_credit_limit__code_0_share,2614.34029006958
pre_loans_next_pay_summ__code_5_share,2515.0106172561646
pre_since_opened__code_19_share,2497.7393255233765
pre_util__code_5_share,2311.193663597107
pre_util__code_14_share,2301.0653319358826
is_zero_loans5__share,2292.412510871887
extra__is_zero_util__count_1,2232.5536012649536
pre_since_opened__code_10_share,2196.239793777466
pre_loans_credit_cost_rate__nunique,2168.973515033722
payment_change_share_max,2128.956738471985
enc_paym_23__nunique,2063.6522150039673
pre_since_opened__code_0_share,2057.9764194488525
enc_loans_credit_type__code_1_share,2055.0598669052124
pre_util__code_8_share,2038.219027519226
enc_loans_account_holder_type__code_4_share,2034.913821220398
pre_loans_credit_limit__code_15_share,1989.7428622245789
pre_since_opened__nunique,1810.5564093589783
extra__last_3__is_zero_loans530__share,1794.0157947540283
fclose_flag__share,1774.1707334518433
pre_since_opened__code_14_share,1773.151035785675
extra__last_3__is_zero_loans6090__share,1644.8988056182861
enc_paym_12__code_3_share,1625.4604110717773
enc_loans_credit_status__code_2_share,1575.3418278694153
extra__last_3__is_zero_loans5__share,1570.1601243019104
pre_fterm__nunique,1567.17676115036
pre_util__code_13_share,1532.027925491333
pre_loans_credit_limit__code_5_share,1527.381175518036
extra__is_zero_util__count_0,1513.1191368103027
extra__last_5__is_zero_loans90__share,1494.9784789085388
pre_loans_credit_limit__code_13_share,1491.1007266044617
pre_loans_credit_limit__code_11_share,1428.6792578697205
pre_since_opened__code_9_share,1386.8912167549133
is_zero_over2limit__share,1376.6560730934143
enc_paym_6__code_3_share,1372.1485295295715
pclose_flag__share,1371.0732097625732
pre_since_opened__code_1_share,1356.2027344703674
latest__pre_loans_outstanding,1314.3385763168335
latest__enc_loans_credit_status,1304.5747270584106
pre_loans_credit_limit__code_19_share,1295.4663906097412
pre_since_opened__code_2_share,1295.272306919098
pre_loans_next_pay_summ__code_6_share,1285.835443496704
pre_loans530__nunique,1267.8323030471802
extra__last_5__enc_loans_credit_type__nunique,1264.3559656143188
pre_since_opened__code_6_share,1264.0743489265442
pre_util__code_12_share,1260.342899799347
extra__is_zero_loans5__count_1,1249.088978767395
pre_loans_outstanding__code_3_share,1197.6898918151855
pre_loans_credit_limit__nunique,1194.4460315704346
pre_since_opened__code_15_share,1165.599681377411
enc_paym_12__code_1_share,1150.231029510498
pre_since_opened__code_16_share,1149.8392181396484
pre_util__code_11_share,1105.8204021453857
enc_paym_2__nunique,1100.1475186347961
pre_loans_next_pay_summ__code_0_share,1067.5776467323303
pre_since_opened__code_4_share,1064.698332309723
enc_paym_18__nunique,1060.8741436004639
pre_loans_outstanding__code_4_share,1056.6026282310486
pre_loans_credit_limit__code_14_share,1056.4235863685608
pre_till_fclose__nunique,1053.3284878730774
pre_since_opened__code_18_share,1049.793312549591
is_zero_maxover2limit__share,1020.780107498169
enc_paym_0__code_3_share,1016.8736643791199
pre_util__code_9_share,1013.2349185943604
pre_loans_credit_limit__code_7_share,1011.4489550590515
is_zero_util__share,991.0344948768616
extra__is_zero_maxover2limit__count_1,990.7335381507874
enc_paym_20__nunique,932.747880935669
enc_loans_credit_type__code_7_share,928.3930416107178
pre_since_confirmed__nunique,913.1661190986633
pre_loans_credit_limit__code_6_share,856.4827151298523
pre_loans_credit_limit__code_17_share,851.4124302864075
pre_loans_credit_limit__code_3_share,843.778341293335
pre_loans_credit_limit__code_12_share,840.5246319770813
extra__last_3__pre_util__nunique,810.998701095581
extra__fclose_flag__count_0,800.038300037384
extra__last_5__is_zero_loans5__share,788.5589218139648
pre_since_opened__code_3_share,771.566798210144
pre_loans_next_pay_summ__code_1_share,767.2673110961914
enc_paym_24__code_2_share,752.1164770126343
enc_loans_account_holder_type__code_3_share,746.2991433143616
extra__pclose_flag__count_1,736.5869674682617
enc_paym_16__nunique,729.9559202194214
enc_loans_credit_status__code_4_share,723.3868179321289
pre_since_opened__code_17_share,722.400251865387
enc_paym_6__code_1_share,702.8526682853699
latest__enc_paym_5,700.3736410140991
extra__is_zero_loans6090__count_1,681.3920755386353
pre_loans_next_pay_summ__code_3_share,678.9375710487366
extra__last_5__fclose_flag__share,647.4981908798218
pre_since_opened__code_5_share,639.2656984329224
latest__pre_over2limit,638.4550023078918
pre_till_pclose__nunique,618.9986643791199
pre_since_opened__code_11_share,610.1064925193787
extra__last_3__is_zero_maxover2limit__share,606.7369480133057
enc_paym_1__nunique,603.9740200042725
pre_loans_credit_limit__code_9_share,602.2797317504883
pre_loans_credit_limit__code_16_share,596.6311149597168
enc_loans_account_holder_type__code_6_share,578.6281895637512
pre_loans_credit_limit__code_1_share,573.1280307769775
enc_paym_17__nunique,554.7364015579224
extra__is_zero_loans530__count_0,551.7264742851257
pre_loans_next_pay_summ__code_4_share,551.1576800346375
pre_loans_credit_limit__code_10_share,545.5446515083313
pre_pterm__nunique,534.8703303337097
pre_loans_outstanding__code_2_share,517.1105818748474
enc_paym_3__nunique,499.1517562866211
extra__last_5__enc_loans_credit_status__nunique,491.2875967025757
pre_loans_credit_limit__code_8_share,486.01431131362915
extra__last_3__enc_loans_credit_status__nunique,483.02460289001465
extra__fclose_flag__count_1,469.9941873550415
extra__is_zero_over2limit__count_0,469.2550630569458
pre_util__code_2_share,468.7737011909485
enc_loans_credit_type__nunique,461.3350009918213
enc_paym_4__nunique,446.37624073028564
pre_loans5__nunique,419.39701318740845
enc_loans_account_holder_type__code_1_share,418.1072645187378
extra__last_3__fclose_flag__share,416.66019201278687
pre_util__code_15_share,411.2951593399048
latest__is_zero_util,405.6484069824219
pre_loans_next_pay_summ__nunique,393.756441116333
extra__last_5__pclose_flag__share,391.9531316757202
pre_loans_max_overdue_sum__nunique,388.39687061309814
pre_loans_outstanding__nunique,373.73258447647095
pre_loans3060__code_5_share,368.6854028701782
pre_util__code_19_share,358.8157296180725
enc_paym_15__nunique,356.40165615081787
extra__last_5__is_zero_over2limit__share,349.5006904602051
latest__enc_paym_7,341.69440031051636
extra__pclose_flag__count_0,338.79145431518555
extra__is_zero_over2limit__count_1,338.4037232398987
extra__is_zero_loans5__count_0,333.98986768722534
enc_loans_credit_status__code_0_share,332.42690086364746
enc_loans_credit_status__code_1_share,331.5152564048767
enc_paym_14__nunique,324.99560165405273
extra__last_3__pre_loans_outstanding__nunique,316.48260974884033
n_credit_products,313.39230251312256
extra__last_3__is_zero_over2limit__share,299.0203881263733
enc_loans_account_cur__code_1_share,295.4778633117676
enc_paym_0__code_2_share,283.03862857818604
pre_util__code_7_share,270.3475408554077
pre_maxover2limit__nunique,260.25312328338623
enc_paym_10__nunique,258.5350799560547
pre_util__code_10_share,258.37427711486816
enc_paym_12__code_2_share,257.3657488822937
extra__is_zero_maxover2limit__count_0,251.15209102630615
enc_paym_19__nunique,249.3108549118042
pre_util__nunique,224.09471702575684
pre_util__code_1_share,219.7703981399536
enc_paym_12__nunique,216.55269813537598
extra__last_5__pre_util__nunique,201.67535066604614
pre_util__code_0_share,192.79008865356445
extra__last_3__enc_loans_credit_type__nunique,184.13636016845703
extra__last_5__pre_loans_outstanding__nunique,183.383318901062
enc_paym_24__nunique,181.28339958190918
pre_loans3060__nunique,158.09760189056396
enc_paym_6__code_2_share,143.52439880371094
extra__last_3__is_zero_loans90__share,143.2318000793457
enc_paym_11__nunique,141.54015970230103
latest__enc_paym_9,132.97781944274902
enc_paym_5__nunique,124.00362968444824
extra__last_3__pclose_flag__share,121.42273807525635
latest__enc_loans_account_holder_type,114.25089836120605
latest__enc_paym_6,109.6153392791748
latest__enc_paym_11,100.16856861114502
pre_loans3060__code_8_share,97.80470085144043
enc_paym_6__nunique,95.9457106590271
enc_paym_8__nunique,93.74878883361816
latest__fclose_flag,91.20546054840088
latest__enc_paym_8,90.79248094558716
pre_over2limit__nunique,89.65829753875732
enc_paym_7__nunique,89.05996990203857
enc_paym_0__nunique,88.88513946533203
enc_paym_13__nunique,86.92180156707764
latest__pclose_flag,80.15319919586182
latest__enc_paym_24,79.93309879302979
latest__enc_paym_12,77.46619892120361
latest__pre_loans_max_overdue_sum,77.44294023513794
enc_paym_9__nunique,75.38067960739136
pre_loans3060__code_2_share,72.14476919174194
latest__enc_paym_17,70.93229961395264
enc_loans_credit_status__nunique,67.90319061279297
latest__enc_paym_14,65.31540107727051
enc_paym_24__code_3_share,53.627400398254395
latest__enc_paym_16,51.73200035095215
latest__is_zero_loans6090,51.38339900970459
latest__enc_paym_10,50.90483999252319
extra__last_5__pre_loans3060__nunique,49.327199935913086
latest__enc_paym_21,47.63370132446289
extra__last_3__pre_loans3060__nunique,40.42633056640625
enc_loans_account_holder_type__code_2_share,37.607089042663574
latest__is_zero_loans3060,31.679800033569336
latest__enc_paym_18,28.937399864196777
latest__pre_loans530,26.55281925201416
enc_loans_account_cur__nunique,22.08099937438965
latest__enc_paym_13,15.942099571228027
latest__is_zero_over2limit,13.369000434875488
latest__enc_paym_20,12.520299911499023
enc_loans_account_holder_type__nunique,11.936400413513184
latest__enc_paym_15,11.055800437927246
latest__enc_paym_19,8.115010261535645
latest__pre_loans5,4.886730194091797
pre_util__unknown_share,0.0
enc_loans_account_cur__code_2_share,0.0
enc_loans_account_cur__code_0_share,0.0
enc_loans_account_holder_type__unknown_share,0.0
enc_loans_account_holder_type__code_5_share,0.0
enc_loans_credit_type__unknown_share,0.0
enc_loans_credit_status__code_6_share,0.0
enc_loans_credit_status__unknown_share,0.0
enc_loans_account_holder_type__code_0_share,0.0
is_zero_util__missing_share,0.0
fclose_flag__missing_share,0.0
pclose_flag__missing_share,0.0
is_zero_maxover2limit__missing_share,0.0
is_zero_over2limit__missing_share,0.0
is_zero_loans90__missing_share,0.0
is_zero_loans3060__missing_share,0.0
is_zero_loans6090__missing_share,0.0
pre_loans3060__code_7_share,0.0
pre_loans6090__code_1_share,0.0
pre_loans3060__unknown_share,0.0
pre_loans3060__code_9_share,0.0
pre_loans_outstanding__unknown_share,0.0
pre_loans_credit_limit__unknown_share,0.0
pre_loans_next_pay_summ__unknown_share,0.0
pre_since_opened__unknown_share,0.0
pre_loans6090__nunique,0.0
pre_loans90__nunique,0.0
pre_loans_total_overdue__nunique,0.0
latest__pre_loans_total_overdue,0.0
latest__pre_loans90,0.0
latest__pre_loans6090,0.0
latest__pre_loans3060,0.0
pre_loans6090__code_2_share,0.0
pre_loans6090__code_4_share,0.0
pre_loans6090__unknown_share,0.0
pre_loans90__code_2_share,0.0
pre_loans90__code_3_share,0.0
pre_loans90__code_8_share,0.0
pre_loans90__code_10_share,0.0
pre_loans90__code_13_share,0.0
pre_loans90__code_14_share,0.0
pre_loans90__code_19_share,0.0
pre_loans90__unknown_share,0.0
enc_loans_credit_type__missing_share,0.0
enc_loans_account_cur__missing_share,0.0
is_zero_loans5__missing_share,0.0
is_zero_loans530__missing_share,0.0
pre_util__missing_share,0.0
pre_loans6090__missing_share,0.0
enc_loans_credit_status__missing_share,0.0
enc_loans_account_holder_type__missing_share,0.0
enc_paym_24__missing_share,0.0
enc_paym_23__missing_share,0.0
enc_paym_22__missing_share,0.0
enc_paym_19__missing_share,0.0
enc_paym_21__missing_share,0.0
enc_paym_20__missing_share,0.0
enc_paym_24__unknown_share,0.0
enc_paym_12__unknown_share,0.0
payment_pair_observed_share,0.0
pre_over2limit__missing_share,0.0
pre_maxover2limit__missing_share,0.0
enc_paym_0__missing_share,0.0
enc_paym_1__missing_share,0.0
enc_paym_2__missing_share,0.0
enc_paym_3__missing_share,0.0
enc_paym_4__missing_share,0.0
enc_paym_5__missing_share,0.0
enc_paym_6__missing_share,0.0
enc_paym_7__missing_share,0.0
enc_paym_8__missing_share,0.0
enc_paym_9__missing_share,0.0
enc_paym_10__missing_share,0.0
enc_paym_11__missing_share,0.0
enc_paym_12__missing_share,0.0
enc_paym_13__missing_share,0.0
enc_paym_14__missing_share,0.0
enc_paym_15__missing_share,0.0
enc_paym_16__missing_share,0.0
enc_paym_17__missing_share,0.0
enc_paym_18__missing_share,0.0
enc_paym_6__unknown_share,0.0
enc_loans_account_cur__code_3_share,0.0
enc_loans_account_cur__unknown_share,0.0
enc_paym_0__unknown_share,0.0
pre_loans90__missing_share,0.0
extra__last_3__pre_loans6090__nunique,0.0
pre_till_pclose__missing_share,0.0
pre_till_fclose__missing_share,0.0
pre_loans_credit_limit__missing_share,0.0
pre_loans_next_pay_summ__missing_share,0.0
pre_loans_outstanding__missing_share,0.0
pre_loans_total_overdue__missing_share,0.0
pre_loans_max_overdue_sum__missing_share,0.0
pre_loans_credit_cost_rate__missing_share,0.0
pre_loans5__missing_share,0.0
pre_loans530__missing_share,0.0
pre_since_opened__missing_share,0.0
extra__last_3__pre_loans90__nunique,0.0
pre_loans3060__missing_share,0.0
pre_since_confirmed__missing_share,0.0
pre_pterm__missing_share,0.0
pre_fterm__missing_share,0.0
extra__last_5__pre_loans90__nunique,0.0
extra__last_5__pre_loans6090__nunique,0.0
latest__enc_paym_22,0.0
latest__is_zero_loans530,0.0
latest__enc_loans_account_cur,0.0
has_history,0.0
latest__enc_paym_23,0.0
latest__is_zero_loans5,0.0
latest__is_zero_loans90,0.0
latest__is_zero_maxover2limit,0.0
