family,trial_number,name,status,feature_set,balance,best_iterations,fit_seconds,roc_auc,average_precision,brier_score,log_loss
catboost,0,search_catboost_00,ok,base,none,600,770.0695653739999,0.728116658825256,0.1009952433679573,0.0372776280947931,0.1554421139856124
lightgbm,0,search_lightgbm_00,ok,base,none,139,15.679338107000149,0.7317092130923846,0.1013482663952748,0.0372468973676857,0.1551587783672317
catboost,1,search_catboost_01,ok,extended,none,599,799.5418719929999,0.7316606203430498,0.1023674336279328,0.0372454538443305,0.1549234061694151
lightgbm,1,search_lightgbm_01,ok,extended,none,145,21.90901093499997,0.7333521647169963,0.103834240471218,0.0371976089095002,0.1548555630133635
catboost,2,search_catboost_02,ok,extended,moderate,290,491.409647387,0.7308630490284005,0.1014831997467456,0.0410684701862667,0.1735634704278857
lightgbm,2,search_lightgbm_02,ok,extended,moderate,95,16.72194878900018,0.7303423605928012,0.102971386404857,0.0409179113402394,0.1723851401034025
catboost,3,search_catboost_03,ok,extended,balanced,253,422.0580481850002,0.7292769050563861,0.0979870882029501,0.1776933665111083,0.5320328449968927
lightgbm,3,search_lightgbm_03,ok,extended,balanced,95,17.291089895999903,0.7205739407477316,0.0983606912493537,0.1610016514598453,0.4846997904862404
catboost,4,search_catboost_04,ok,extended,none,594,769.7571500399999,0.729085581991353,0.1017527728918503,0.0372373083563285,0.1551341982925237
lightgbm,4,search_lightgbm_04,ok,extended,moderate,55,13.5032501959995,0.728195876037284,0.0984039765218435,0.0412419522091848,0.17305190535161
catboost,5,search_catboost_05,ok,extended,balanced,257,492.49805859800017,0.728780179174297,0.0984752173188314,0.1695387845635525,0.5123953464492708
lightgbm,5,search_lightgbm_05,ok,extended,moderate,227,23.31559255100001,0.7308041803930057,0.1000113711156475,0.0414592866014244,0.1735998711405059
lightgbm,6,search_lightgbm_06,ok,extended,moderate,233,27.207680103000712,0.7291200091124468,0.0996351979146991,0.0412193738962216,0.1737940899559219
lightgbm,7,search_lightgbm_07,ok,extended,balanced,197,22.96954446700056,0.7245187924475374,0.0992562064983419,0.1582629920236581,0.4781447809818608
lightgbm,8,search_lightgbm_08,ok,extended,none,58,15.516562718000388,0.727815058666601,0.0990644419567408,0.0373596941486292,0.1561147985707598
lightgbm,9,search_lightgbm_09,ok,extended,balanced,59,16.394929738999963,0.7187533382115732,0.097113260092523,0.1430805700092368,0.4391032817529465
